name,email,country
Austin Moss,ut.molestie@yahoo.ca,Spain
Jasper Key,tincidunt.donec@hotmail.ca,Mexico
Emma Hutchinson,sem.ut.dolor@yahoo.edu,Russian Federation
Echo Mccormick,luctus.et@yahoo.edu,Russian Federation
Reuben Thompson,sed.dui@yahoo.ca,Costa Rica
Beatrice Beach,eu.tempor.erat@hotmail.com,Poland
Slade Delgado,fermentum.risus@outlook.ca,Austria
Uma Woodard,sodales.elit.erat@protonmail.ca,United States
Tatyana Larsen,est.mollis.non@protonmail.edu,Ireland
Shellie Hogan,lacinia.at@yahoo.org,Ukraine
Camden Solomon,magna.cras@icloud.com,Vietnam
Deirdre Mccormick,sed.nec@google.net,India
Rose Carey,aliquam.tincidunt@hotmail.org,Singapore
Drew Stephens,turpis.vitae@hotmail.net,Costa Rica
Cathleen Copeland,maecenas.malesuada.fringilla@google.edu,Ireland
Sawyer Wong,amet.ultricies@protonmail.net,Indonesia
Inez Hampton,ut.tincidunt.orci@hotmail.net,Nigeria
Victoria Burris,ultrices.sit@icloud.net,South Korea
Alisa Beach,nunc.mauris@protonmail.couk,Ireland
Ria Pena,feugiat.metus@hotmail.ca,Poland
Jared Frost,vivamus.non@outlook.com,Indonesia
Zelenia Hahn,tempor.bibendum.donec@google.edu,Russian Federation
Jescie Hall,donec@icloud.net,China
Yardley Aguirre,at.auctor@outlook.org,Ireland
Hedda Bray,pede.sagittis@aol.edu,France
Eric Vasquez,donec@yahoo.org,Indonesia
Zane Contreras,eu.odio@protonmail.org,Chile
Ella Farrell,lobortis.class.aptent@google.org,India
Carol Norman,tincidunt.pede@google.net,Belgium
Bradley Lott,vitae.aliquet@outlook.ca,India
Nash Reese,dui.fusce@outlook.net,Ireland
Lyle Shaffer,nisl@google.org,Norway
Kelsie Barton,leo@hotmail.couk,Ireland
Marvin Lynch,lectus.rutrum@aol.com,India
Brianna Higgins,aliquam@icloud.net,Australia
Ezra Ford,tristique@protonmail.org,Austria
Abraham Kaufman,elementum.sem@hotmail.net,South Africa
Harding Harrell,at.auctor.ullamcorper@outlook.ca,France
Melyssa York,sit.amet.metus@hotmail.com,Indonesia
Xena Henderson,pellentesque@icloud.ca,Austria
Ciara Hendrix,ante.ipsum@icloud.couk,Spain
Yardley Lynn,lorem.tristique.aliquet@google.com,Nigeria
Axel Richard,faucibus.lectus@google.com,Australia
Kennedy Dodson,integer@yahoo.couk,Sweden
Jordan Fulton,inceptos@protonmail.net,Nigeria
Sybil Yang,molestie.tellus@yahoo.ca,Spain
Acton Page,ornare.placerat.orci@google.couk,Brazil
Arsenio Floyd,a.aliquet.vel@google.edu,New Zealand
Brennan Vincent,per@outlook.org,Costa Rica
Salvador Jennings,id@protonmail.edu,Belgium
Grady Gentry,nisi@google.couk,Germany
Kameko French,odio.auctor.vitae@hotmail.com,Indonesia
Oprah Beasley,magna.nam.ligula@icloud.net,New Zealand
Kevin Mathews,mollis@google.edu,China
Ignacia Baldwin,auctor.vitae@outlook.com,United Kingdom
Kay Mccullough,orci.tincidunt@google.edu,Germany
Price Mcclain,eu.metus@hotmail.com,Poland
Linus Dominguez,a.magna@aol.couk,Germany
Charles Ryan,est.ac@aol.ca,Chile
Bruno Conley,dolor.fusce.mi@yahoo.couk,United States
Jakeem Pickett,duis.sit.amet@protonmail.ca,Poland
Roth Mcmillan,nullam.vitae@protonmail.ca,Peru
Zeus Burks,ligula.donec@aol.com,Poland
Murphy Lindsay,arcu@outlook.ca,Nigeria
Glenna Norman,a.feugiat@aol.ca,India
Barrett Stevenson,mi@yahoo.edu,Peru
Callie Mcintosh,lacinia@google.edu,Vietnam
Fatima Frank,dui.cras@google.org,Sweden
Dante Rasmussen,congue.in@aol.com,Italy
Talon Mcdaniel,volutpat.ornare.facilisis@google.edu,South Korea
Kuame Mcfadden,iaculis@icloud.net,Brazil
Christopher Snyder,praesent.luctus.curabitur@hotmail.org,Costa Rica
Davis Day,eu.augue.porttitor@yahoo.edu,Turkey
Patricia Fowler,luctus.curabitur@yahoo.ca,Turkey
Jordan Butler,sapien.imperdiet.ornare@aol.org,Canada
Deborah Dixon,aliquam.vulputate@icloud.net,United Kingdom
Malachi Anderson,convallis.convallis@icloud.com,Ukraine
Francesca Hinton,eu.enim@icloud.couk,Austria
Debra Rogers,magna.ut@outlook.org,Colombia
Amber Ryan,quam.pellentesque@icloud.couk,Ireland
Maile Reilly,accumsan@hotmail.couk,Vietnam
Linus Sweet,ut@google.edu,Russian Federation
Dorian Rios,tempus.risus.donec@aol.ca,Australia
Logan Fulton,libero.donec@yahoo.org,United States
Myles Fuentes,curabitur@protonmail.net,Pakistan
Shoshana Schroeder,per@icloud.edu,Pakistan
Nina Yates,sed@aol.couk,Sweden
Jada Hester,pede.ac@hotmail.couk,Italy
Tarik Doyle,mauris.eu.turpis@google.org,Peru
Eleanor Huffman,ridiculus.mus.proin@google.edu,Brazil
Aurora Ramsey,faucibus.orci@outlook.net,Italy
Clarke Schwartz,justo.nec@yahoo.ca,Norway
Slade Craig,sapien.cras.dolor@aol.org,Colombia
Willa Anderson,montes@google.ca,Ireland
Gannon Potts,velit@google.org,United States
Unity Farmer,suspendisse.ac@aol.com,Pakistan
Lance Slater,arcu@outlook.org,Canada
Pearl Ewing,vulputate.lacus.cras@icloud.couk,Russian Federation
Burke Benton,mauris.a.nunc@outlook.couk,Belgium
Tatiana Sweeney,donec.est.mauris@outlook.com,Netherlands
Amy Gates,suscipit.est@hotmail.net,Belgium
Selma Stuart,risus.donec@icloud.ca,Belgium
Rowan Stokes,ipsum.ac@yahoo.couk,United Kingdom
Nasim Spencer,ultrices.posuere@yahoo.com,United Kingdom
Helen Bond,sem.egestas@icloud.org,China
Laith Mcgowan,hendrerit.donec@yahoo.net,Spain
Bertha Burton,quisque@hotmail.net,China
Kyle Solomon,ut@yahoo.ca,Norway
Fritz Elliott,non@aol.com,Peru
Elliott Sosa,nam.interdum.enim@icloud.com,Sweden
Laura David,vehicula@outlook.net,Indonesia
Eaton Howe,elit.elit.fermentum@yahoo.com,Philippines
Luke Ayala,sollicitudin.adipiscing.ligula@hotmail.ca,Singapore
Keith Browning,at.risus@protonmail.org,Turkey
Dora Harper,lorem.ipsum@google.couk,South Africa
Zeph Cote,amet.risus@yahoo.couk,Russian Federation
Ivory Dennis,nulla.in@yahoo.ca,Brazil
Olivia Rivas,aliquam.vulputate@icloud.ca,India
Martina Bartlett,diam@protonmail.com,Italy
Yvonne Oneal,turpis.in.condimentum@google.couk,Belgium
Zephania Wynn,a.arcu@yahoo.com,Singapore
Patricia Castillo,aliquet.magna@hotmail.edu,Austria
Talon Poole,at.egestas@aol.org,Turkey
Mia Ramsey,purus.accumsan.interdum@yahoo.org,Australia
Arthur Riggs,amet.diam@icloud.ca,Nigeria
Graiden Travis,aenean.gravida.nunc@yahoo.net,Mexico
Charissa Wilkinson,amet.orci@yahoo.org,Canada
Bo Sweeney,tempus.scelerisque@hotmail.net,Turkey
Lester Farrell,nec.tempus@outlook.net,Costa Rica
Patricia Padilla,nullam@hotmail.net,Costa Rica
Martina Hoffman,risus.donec.egestas@hotmail.couk,New Zealand
Tallulah Merrill,proin.mi@protonmail.com,Indonesia
Jin Faulkner,interdum@google.edu,China
Kimberly Noble,laoreet.lectus@hotmail.net,Norway
Omar Fulton,nunc.ut@yahoo.couk,Austria
Leo Mcclain,mauris@yahoo.edu,Norway
Emerald Mosley,nisi.nibh@google.com,Norway
Caldwell Dillard,neque@protonmail.couk,Singapore
Kylan Griffith,eu.arcu@yahoo.org,South Africa
Rhona Buchanan,urna@protonmail.net,Austria
Echo Montoya,eu.nibh@outlook.edu,Nigeria
Francis Holden,justo.sit@aol.org,Costa Rica
Aphrodite Pugh,nulla.integer@hotmail.org,Ukraine
Tamekah Noble,lorem.tristique@aol.ca,United States
Basil Small,fringilla.porttitor@icloud.couk,Russian Federation
Ignacia Hogan,morbi.accumsan.laoreet@google.com,New Zealand
Marny Riggs,turpis.aliquam@aol.org,Colombia
Adrienne Harrington,dolor.fusce@protonmail.net,India
Sybil Wilder,nunc@aol.com,Belgium
Fuller Watts,leo@hotmail.couk,Vietnam
Jesse Barrera,dictum@protonmail.net,Pakistan
Tucker Smith,sociosqu.ad.litora@protonmail.edu,New Zealand
Grace Berg,sit.amet@outlook.ca,Singapore
Andrew Copeland,suspendisse.non@protonmail.net,South Africa
Gary Pruitt,sapien@icloud.couk,Ukraine
Destiny Reid,mollis.lectus.pede@hotmail.org,Vietnam
Stacy Weeks,ipsum.cursus@protonmail.com,South Africa
Basil Rasmussen,pharetra.quisque.ac@icloud.edu,United States
Montana Brady,fusce.fermentum.fermentum@outlook.com,Vietnam
Preston Jacobson,nec.tempus@outlook.edu,Italy
Preston Horton,luctus@aol.ca,Ireland
Howard Lawson,cum.sociis@aol.edu,France
Rowan Dyer,aliquam.eu@aol.net,Ukraine
Rogan Mcconnell,molestie.in@icloud.com,Poland
Magee Lancaster,adipiscing.elit@icloud.ca,Russian Federation
Hilda Hatfield,mollis.dui.in@icloud.couk,India
Merrill Church,gravida.mauris.ut@yahoo.ca,Colombia
Elijah Holder,proin.vel@google.net,Chile
Sage Hodge,porttitor@google.com,Turkey
Hayley Mitchell,lacus@hotmail.ca,Russian Federation
Vaughan Sweeney,lobortis.tellus.justo@icloud.com,Turkey
Echo Haney,est.mauris.eu@google.net,Turkey
Briar Savage,fames.ac@aol.net,United Kingdom
Scarlett Gilmore,feugiat.lorem@protonmail.com,China
Flavia Whitley,et.arcu.imperdiet@yahoo.com,Belgium
Justine Brady,tellus.faucibus@protonmail.org,Brazil
Jesse Hutchinson,primis.in@google.edu,Indonesia
Kasper Webb,massa.lobortis@protonmail.com,Poland
Aladdin Owen,scelerisque.mollis.phasellus@yahoo.com,Spain
Hadassah Wade,eu.tellus@icloud.couk,Nigeria
Adrienne Shepherd,arcu.curabitur@icloud.edu,Austria
Nadine Rowe,suspendisse.non@google.net,Nigeria
Preston Sims,nulla.integer.urna@hotmail.com,Italy
Desirae Dennis,odio@yahoo.org,Brazil
Abra Moreno,egestas@aol.net,Chile
Geoffrey Wood,ullamcorper.duis.cursus@icloud.com,Nigeria
Channing Gay,magna.a@google.ca,South Africa
Audrey Harrell,nostra@google.com,Spain
Indigo Duke,a.felis@yahoo.com,Italy
Mechelle Knapp,euismod.urna@hotmail.com,Turkey
Callum Maldonado,litora.torquent.per@outlook.net,Poland
Callie Wells,magna.a.tortor@icloud.edu,Vietnam
Patricia Briggs,dis@hotmail.com,Pakistan
Ora Hart,blandit.viverra@outlook.ca,Russian Federation
Grant Spears,sodales.at@outlook.couk,Chile
Zane Knight,varius@icloud.com,Costa Rica
Dillon Gates,scelerisque.sed@yahoo.couk,Vietnam
Raphael Luna,lacinia@aol.couk,United States
Christopher Pickett,natoque.penatibus@protonmail.com,United Kingdom
Palmer Salazar,dui.cras@hotmail.edu,Spain
Hedley Sanders,ipsum.suspendisse@hotmail.couk,Spain
Miranda Snow,nec@icloud.edu,Vietnam
Henry Burris,inceptos.hymenaeos.mauris@icloud.com,India
Orlando Leon,dolor.sit@hotmail.edu,United States
Andrew Wilkerson,ultricies.sem.magna@protonmail.org,Sweden
Slade Hanson,aliquam.ornare@outlook.edu,New Zealand
Lamar Cruz,vel.faucibus.id@outlook.org,Austria
Fritz Small,risus.morbi@outlook.net,Costa Rica
Prescott Branch,et.netus.et@yahoo.org,Brazil
Keegan Freeman,aliquam.eu.accumsan@hotmail.edu,Netherlands
Larissa Hernandez,mi.duis.risus@aol.ca,Poland
Herman Kinney,iaculis.enim.sit@outlook.org,China
Keaton Solis,fusce.aliquam@icloud.ca,Colombia
Naida Chan,donec.tempus@aol.org,Singapore
Bruce Case,in.faucibus@google.org,China
Shelly Waller,scelerisque.mollis@icloud.couk,Australia
Ryder Shaffer,ornare.facilisis@aol.net,South Africa
Isaiah Ayala,lorem.lorem@google.net,New Zealand
Yardley Mathis,consectetuer.cursus@google.com,United States
Malik Cervantes,vivamus.molestie@google.ca,Austria
Scott Jarvis,quis.pede@icloud.edu,Australia
Jeanette Callahan,ac.feugiat.non@aol.ca,Chile
John Michael,sem.egestas@aol.edu,Vietnam
Kai Glenn,bibendum.fermentum@google.org,Singapore
Orlando Manning,bibendum.fermentum@aol.edu,China
Damian Chapman,nibh.sit.amet@outlook.org,Chile
Scarlet Jensen,ut@outlook.org,Australia
Samson Joseph,vel.pede@aol.ca,Indonesia
Alan Wallace,dui@google.org,South Africa
Hunter Stanton,eu@google.couk,Philippines
Veronica Mayer,amet.nulla.donec@outlook.org,India
Walker Eaton,rhoncus.id@protonmail.ca,South Africa
Jason Castro,dui.cras@google.edu,Poland
Alexander Howe,eu.nulla.at@protonmail.ca,Germany
Edward Rios,enim.etiam.imperdiet@google.couk,Philippines
Lacota Murray,gravida@aol.org,Nigeria
Michael Delaney,dolor@aol.org,Costa Rica
Willow Banks,at.augue.id@hotmail.couk,Peru
Caesar Miranda,odio@icloud.net,Belgium
Dora Dillard,et.rutrum.eu@yahoo.couk,Mexico
Amela Pickett,fermentum.metus.aenean@google.edu,Philippines
Tyler Farley,nunc.quisque@protonmail.ca,Russian Federation
Nathaniel Larsen,neque.pellentesque.massa@protonmail.org,Netherlands
Austin Farley,purus.gravida@aol.org,Philippines
Brandon Martin,velit.eu@yahoo.ca,Vietnam
Chava Solis,ac.nulla@hotmail.com,Australia
Adam Mcmahon,metus@icloud.com,Costa Rica
Stuart Potts,magna.praesent.interdum@hotmail.net,United Kingdom
Ifeoma Pratt,faucibus@aol.ca,Nigeria
Jarrod Donaldson,cursus@hotmail.net,Ireland
Leila Walsh,cras@yahoo.edu,Norway
Clare Joyce,rhoncus.id@aol.com,Norway
Kiara Hamilton,donec.sollicitudin@aol.com,Peru
Freya Poole,varius@google.couk,Ireland
Chiquita Lindsay,vel@yahoo.couk,Russian Federation
Kenneth Ray,at.nisi@outlook.ca,India
Orli Riggs,justo@icloud.ca,Pakistan
Jamalia Whitehead,suspendisse.sed@icloud.com,Netherlands
Erasmus Hardy,eget.nisi@yahoo.net,United States
Silas O'connor,sapien.nunc@google.ca,South Korea
Lilah Lewis,eget.lacus@icloud.net,Ukraine
Dahlia Harmon,facilisis.facilisis@hotmail.edu,Norway
Kimberley Mccormick,et.ultrices.posuere@yahoo.org,Canada
Larissa Wiggins,sit.amet@hotmail.couk,New Zealand
Julie Frost,urna.justo.faucibus@google.edu,New Zealand
Ivy Zamora,suscipit.nonummy.fusce@outlook.ca,South Africa
Willow Dalton,eleifend.egestas@outlook.couk,Netherlands
Keaton Haynes,cursus@icloud.ca,Vietnam
Christian Mercer,penatibus.et@google.com,Costa Rica
Tashya Bright,morbi.vehicula@aol.edu,Austria
Sydnee Hart,imperdiet.ullamcorper.duis@outlook.couk,Russian Federation
Sage Fischer,arcu@hotmail.com,Australia
Willa Durham,etiam.laoreet@yahoo.couk,France
Carl Castaneda,metus.aliquam@protonmail.org,Nigeria
Tanek Barnett,quis.pede@yahoo.com,Italy
Alma Sharpe,sollicitudin@protonmail.edu,Colombia
Hannah Mullins,egestas@yahoo.net,New Zealand
Ora Chen,amet.consectetuer.adipiscing@google.edu,Indonesia
Charles Alvarado,aptent.taciti@icloud.couk,Ukraine
Dominique Carson,aliquam.tincidunt@outlook.ca,Poland
Duncan Cantrell,morbi.vehicula@yahoo.net,Colombia
Wing Levine,mauris@icloud.org,Netherlands
Imani Melendez,integer.vulputate@protonmail.com,Norway
Allen Terrell,eu.metus.in@yahoo.couk,Mexico
Tiger Holcomb,purus.ac.tellus@hotmail.org,India
Matthew Pruitt,quis.arcu@aol.edu,Vietnam
Sylvia Williams,dolor.tempus@yahoo.net,Germany
Richard Lowery,risus@aol.ca,New Zealand
Omar Norris,a.aliquet@icloud.edu,Nigeria
Rashad Wiley,nunc.id@google.edu,China
Frances Orr,quis.tristique@aol.org,Ukraine
Ciara Hays,vitae.sodales@aol.couk,Indonesia
Shea Marquez,felis@hotmail.couk,Ireland
Amethyst Jensen,sem.magna@outlook.net,Mexico
Stewart Dejesus,mus.proin@icloud.ca,China
Ralph Stephenson,integer.aliquam@protonmail.org,Netherlands
Marvin Johns,mattis.integer.eu@icloud.ca,Canada
Adam Barton,nisi.cum.sociis@google.org,Austria
Rogan Cortez,ullamcorper.magna@protonmail.edu,Colombia
Wesley Gray,facilisis.lorem@hotmail.edu,United Kingdom
Shana Pickett,odio.etiam@protonmail.couk,Russian Federation
Ahmed Hawkins,fringilla@hotmail.edu,Costa Rica
Brody Flowers,at@yahoo.net,France
Aaron Sheppard,suspendisse.tristique.neque@yahoo.edu,Turkey
Harper Neal,a.tortor@hotmail.org,Ireland
Tarik Harmon,nibh.aliquam@google.edu,Mexico
Kieran Thomas,leo.in.lobortis@icloud.net,Nigeria
Neil Donovan,sem@protonmail.com,France
Patience Garrison,magnis@yahoo.com,Singapore
Amal Bowen,consectetuer.adipiscing@protonmail.org,Colombia
Clinton Finley,et@protonmail.net,Australia
Cheryl Gardner,arcu@yahoo.com,Colombia
Josephine Petty,tortor.nibh@protonmail.ca,Poland
Roanna Heath,natoque.penatibus.et@google.net,Belgium
Nash Weeks,consectetuer.rhoncus.nullam@outlook.edu,South Africa
Bert Love,auctor.non@icloud.ca,United States
Mollie Greene,cum.sociis@aol.edu,United States
Burton Johns,magnis.dis@icloud.org,Pakistan
Cassady Mayer,in.at@outlook.net,Australia
Emmanuel Watson,est.congue.a@hotmail.com,Poland
Zachary Fox,nec.eleifend.non@yahoo.couk,Sweden
Trevor Poole,nisi.aenean@protonmail.ca,Chile
Castor Sharpe,tortor.integer.aliquam@outlook.edu,Ukraine
Hermione Nash,et.magnis@google.com,Belgium
Tanisha Blake,sed.eu.eros@yahoo.org,Nigeria
Sheila Henderson,ac@outlook.com,Russian Federation
Gareth Reeves,vitae.posuere@aol.edu,Singapore
Malcolm Calderon,nisi.sem.semper@icloud.couk,Poland
Bianca Foley,fringilla.porttitor@yahoo.org,Australia
Carolyn Giles,vestibulum.mauris@google.com,France
Autumn Henderson,mollis.integer.tincidunt@google.net,France
Tarik Johnson,vulputate.nisi@hotmail.ca,Ukraine
Wylie Ochoa,amet@protonmail.net,Spain
Gavin Carney,mattis.semper@hotmail.ca,Norway
Susan Fisher,nunc.commodo@icloud.com,Sweden
Leigh Wise,sit.amet.risus@icloud.ca,South Africa
Carissa Bryant,rutrum.non@icloud.net,Indonesia
Mason Mcleod,risus.varius@hotmail.com,India
Edan Dyer,euismod.et@protonmail.com,United States
Callie Boyer,nec.leo@hotmail.ca,Brazil
Adena Taylor,ultricies.ornare.elit@protonmail.net,Mexico
Aurora Fuller,est@aol.com,Austria
Shelley Snider,congue.a@protonmail.com,Chile
Tiger Johnston,pellentesque@protonmail.com,New Zealand
Kelsie Francis,bibendum.sed@hotmail.edu,Costa Rica
Daphne Fernandez,urna@hotmail.net,Colombia
Ira Joseph,tincidunt.adipiscing@hotmail.net,Australia
Anjolie Tucker,adipiscing.ligula@google.com,Spain
Chantale Schwartz,curabitur.massa@protonmail.couk,Spain
Bradley Morton,fermentum.vel.mauris@yahoo.edu,Peru
Desirae Wade,ultrices.posuere@yahoo.net,Indonesia
Bell Adkins,imperdiet.erat@google.com,United Kingdom
Moses Hart,est.nunc.laoreet@outlook.com,Norway
Kaye Hayes,torquent.per@outlook.ca,Belgium
Emerson Marquez,nascetur.ridiculus@hotmail.edu,Brazil
Whilemina Petersen,donec@protonmail.com,Norway
Pamela Sherman,parturient.montes@outlook.edu,Pakistan
Lucian May,dolor.donec.fringilla@hotmail.com,Philippines
Galena Bradley,convallis@outlook.edu,Austria
Brynn Cannon,nulla@hotmail.org,Australia
Sarah Sherman,suspendisse.sed.dolor@hotmail.org,Mexico
Ria Rodriguez,varius.nam@outlook.org,South Korea
Timon Buckley,orci.sem@aol.net,France
Cara Jackson,lorem.ac.risus@hotmail.edu,South Korea
Maxine Talley,ipsum@outlook.com,Canada
Mariam Guzman,tincidunt@protonmail.couk,Costa Rica
Uriah Nielsen,turpis@aol.net,Turkey
Mary Holmes,at.arcu.vestibulum@protonmail.com,Singapore
Walker Burns,dapibus.id.blandit@google.ca,France
Myles Lowe,enim@icloud.net,Canada
Preston Rhodes,eu.odio@icloud.couk,Ukraine
Kieran Holmes,magna.et.ipsum@hotmail.edu,Russian Federation
Kasper Velazquez,tortor@google.net,Chile
Donna Schneider,proin@yahoo.com,Sweden
Amena Simon,nunc.ac.mattis@google.ca,Belgium
Shelby Garrison,lacinia@protonmail.ca,Indonesia
Rooney Luna,ultrices.a@icloud.org,Pakistan
Gary Mejia,parturient@outlook.org,Germany
Jordan Park,neque.nullam@yahoo.ca,Colombia
Zena Maddox,vitae@protonmail.ca,Pakistan
Nero Walton,risus.morbi@aol.edu,Norway
Lisandra Cardenas,lobortis@icloud.org,Indonesia
Ramona Alston,fringilla@yahoo.edu,Indonesia
Todd Jimenez,ipsum.suspendisse@icloud.com,India
George Forbes,magna.malesuada@protonmail.com,United Kingdom
Asher Vang,ullamcorper.nisl@outlook.net,Singapore
Blake Hunter,rutrum.urna.nec@hotmail.org,Pakistan
Barclay Flowers,ut.molestie@yahoo.com,Spain
Lionel Klein,massa@yahoo.com,Austria
Cody Grimes,egestas.blandit@icloud.com,Italy
Nichole Robles,porta.elit.a@google.couk,Turkey
Joseph Guthrie,sollicitudin.adipiscing@yahoo.edu,Ukraine
Ingrid Johnston,auctor@aol.edu,Norway
Demetrius Simpson,quam.pellentesque.habitant@outlook.ca,Canada
Leigh Horne,enim.curabitur@outlook.org,Peru
Orson Flynn,curabitur@hotmail.net,Indonesia
Paula Wall,enim.non@google.org,Mexico
Constance Dawson,blandit@yahoo.org,France
Reece Moran,metus@aol.com,New Zealand
Gavin Henson,aliquet@yahoo.org,Brazil
Brooke Rios,mi.pede@aol.edu,Russian Federation
Destiny Gregory,dapibus@protonmail.edu,Canada
Alexandra Mcintyre,et.ultrices@hotmail.net,Netherlands
Olga Blankenship,tellus.phasellus@outlook.com,Australia
Aretha Velazquez,vivamus@outlook.couk,Ireland
Chava Mitchell,felis.eget@yahoo.ca,Nigeria
Amos Mercado,lectus.sit@icloud.ca,Mexico
Ramona Rodriguez,consequat@protonmail.ca,Russian Federation
Hedwig Mills,in.tincidunt@protonmail.edu,Germany
Colorado Norris,magna@hotmail.org,Turkey
Brennan Barlow,orci.donec@yahoo.org,Brazil
Neve Berry,mauris@protonmail.net,Netherlands
Lareina Christensen,vitae.mauris@aol.com,France
Demetrius Porter,metus@hotmail.couk,Chile
Ralph Maddox,morbi.neque@protonmail.couk,Germany
Halee Blackwell,dolor.vitae@aol.edu,Nigeria
Deirdre Lee,ante@aol.com,Sweden
Halee Cortez,morbi.neque@hotmail.edu,Poland
Jonah Hatfield,ante.lectus.convallis@aol.net,Ireland
Raya Koch,sed.turpis.nec@aol.couk,Peru
Bianca Adkins,est@protonmail.net,New Zealand
Maggy Roach,neque.in@icloud.net,Costa Rica
Kirk Gill,ac.orci@google.net,Indonesia
Ria Jennings,aliquam@outlook.org,Australia
Judah Potts,praesent.eu@yahoo.com,Ireland
Lucy Simpson,cras.vehicula@aol.edu,Ukraine
Marny Mcbride,consectetuer.adipiscing@google.com,Colombia
Fitzgerald Doyle,tempor.diam@hotmail.ca,Indonesia
Tiger Potter,molestie.arcu.sed@protonmail.com,France
Sara Howell,volutpat@aol.edu,Chile
Preston Strong,et.magna.praesent@yahoo.edu,Belgium
Avye Leon,elit.curabitur.sed@aol.org,Norway
Hunter Underwood,diam.dictum.sapien@icloud.edu,Ireland
May Paul,vitae.erat@outlook.net,United States
Peter Marquez,congue@google.com,Nigeria
Rylee Moses,eu@protonmail.net,Peru
Drew Conrad,vestibulum@protonmail.couk,Philippines
Guinevere Miller,nunc@icloud.net,Vietnam
Ingrid Finley,nam@google.org,Turkey
Harding Klein,elit@outlook.couk,Chile
Rahim Fleming,tellus@icloud.com,France
Sade Shields,ut.nulla@outlook.net,Spain
Michael Anderson,nec@outlook.ca,Russian Federation
Chaney Hayes,libero.integer.in@aol.ca,Austria
Darryl Ryan,ullamcorper.viverra@aol.ca,South Korea
Kibo Alston,dui@aol.org,Costa Rica
Orlando Battle,neque.et@protonmail.edu,Pakistan
Malachi Burch,mattis.semper@icloud.edu,Vietnam
Simone Hardin,habitant.morbi.tristique@icloud.net,Belgium
Ferdinand Ashley,imperdiet.erat@yahoo.ca,Turkey
Amity Madden,at@outlook.ca,Sweden
Quamar Oliver,enim.suspendisse@yahoo.com,Indonesia
Gareth Osborn,nunc.quisque@protonmail.edu,Sweden
Irma Maddox,amet@google.com,Belgium
Jasper Mathis,sed.dolor.fusce@yahoo.edu,Mexico
Holly Young,ullamcorper.nisl.arcu@aol.net,Ukraine
Walker Cooley,pede.blandit@outlook.com,Ukraine
Dexter Webster,elit.dictum@hotmail.ca,New Zealand
Xena Alvarado,eget.dictum.placerat@hotmail.couk,Costa Rica
Neville Chavez,facilisis.facilisis@hotmail.net,India
Rigel Fowler,odio.auctor@google.net,Austria
Raven Davidson,sollicitudin.adipiscing@hotmail.net,Germany
Ryder Myers,lorem.lorem.luctus@yahoo.ca,Nigeria
Chaney Bean,ornare.fusce.mollis@outlook.org,France
Madaline Armstrong,etiam.imperdiet@protonmail.net,Pakistan
Desiree Atkins,eleifend.nec@aol.com,Norway
Cole Wagner,nascetur.ridiculus@outlook.edu,Singapore
Ian Dennis,eget.mollis@aol.com,China
Knox Romero,donec.egestas@icloud.org,Austria
Daria Jensen,fringilla@google.org,Belgium
Aspen Ware,rhoncus.donec@aol.com,Costa Rica
Alan Potts,orci@outlook.couk,Nigeria
Tara Hernandez,nec.orci@protonmail.edu,Ireland
Isadora Delgado,scelerisque.lorem@hotmail.edu,Mexico
Giacomo Thornton,cursus@outlook.net,Germany
Hayes Tyler,malesuada.fringilla.est@aol.edu,Singapore
Benjamin Andrews,ridiculus.mus@aol.couk,Canada
Leslie Bartlett,faucibus.orci.luctus@google.com,New Zealand
Kaseem Hubbard,consequat@hotmail.net,Belgium
Mira Randolph,magna.ut@hotmail.org,United States
Portia Beard,massa@aol.net,Peru
MacKenzie Diaz,cras@yahoo.ca,Sweden
Joel Mcintyre,et.ultrices.posuere@icloud.ca,Ireland
Cole Sharp,consequat.purus@hotmail.net,Philippines
Alec Serrano,mauris.integer.sem@google.couk,Ukraine
Howard Olsen,turpis.egestas@hotmail.edu,Mexico
Janna Duncan,aenean@protonmail.ca,Poland
Lynn Velasquez,lobortis.risus@aol.org,South Africa
Dante Hall,augue@outlook.ca,Italy
Talon Watts,rhoncus.donec.est@protonmail.com,France
Raja Blevins,erat@icloud.net,Canada
Gemma Ramirez,scelerisque@outlook.edu,Vietnam
Hermione Lindsay,eu@aol.org,Italy
Keelie Fleming,a.nunc.in@yahoo.couk,Ireland
Nyssa Marshall,nec.tempus@protonmail.couk,Turkey
Mercedes Caldwell,aliquet.diam@protonmail.couk,Italy
Orla Deleon,quis.pede@google.ca,India
Mira Blackwell,fermentum.metus.aenean@outlook.couk,Ireland
Kitra Sanchez,orci.lobortis@google.edu,Brazil
Mona Day,aenean.massa@icloud.org,Brazil
